,query,text_label,relevance_label,Henkel_label,Notes,predict_local_gemma,predict_gemini-2.5-flash,predict_gemini-2.0-flash,predict_baseline_gemini-2.5-flash,predict_global_rerank_gemini-2.5-flash,predict_product_rerank_gemini-2.5-flash,predict_baseline_gemini-2.0-flash,predict_global_rerank_gemini-2.0-flash,predict_product_rerank_gemini-2.0-flash,predict_gemini-2.5-flash_without_RAG,predict_gemini-2.0-flash_without_RAG,predict_local_gemma_without_RAG
0,What is Permatex Surface Insensitive Threadlocker Blue?,"Permatex Medium Strength Threadlocker Blue Gel Twist Applicator puts the threadlocker where you want it. The gel formula provides 'liquid-reliability' without drips, globs, mess or waste. This all-purpose, medium strength threadlocker is ideal for all nut and bolt applications 1/4 inch to 1 inch (6mm to 25mm) and eliminates the need for stocking expensive lock nuts and lock washers. This will lock and seal while preventing parts from loosening due to vibration, as well as protect threads from corrosion. Removable with hand tools for easy disassembly. Applied as a liquid or gel, threadlockers are superior to conventional lock washers, nylon inserts, and other mechanical devices because they secure the entire fastener assembly against loosening from shock and vibration by filling the space between threaded metal parts, curing to form a tough, adhesive bond and seal. They also seal the threads against leakage, preventing rust and corrosion.",2,0,Similiar adhesive products from competitor,"The context does not provide any information about Permatex Surface Insensitive Threadlocker Blue, so I cannot answer this question from the provided context.","Based on the provided information, I can only describe LOCTITE products. There is no information about ""Permatex Surface Insensitive Threadlocker Blue"" in the given text.","I am sorry, but the information provided does not include the product ""Permatex Surface Insensitive Threadlocker Blue"". The provided product list for LOCTITE does not include the Permatex brand, nor does it mention blue threadlocker or blue locking. Can I help you with information about the LOCTITE products listed?","Based on the information provided, I cannot answer your question about ""Permatex Surface Insensitive Threadlocker Blue."" The provided text only contains details about LOCTITE products and their numbering system. Permatex is a different brand.","Based on the information provided, I can only describe LOCTITE® products and their characteristics. The question asks about ""Permatex Surface Insensitive Threadlocker Blue,"" and there is no information about Permatex products or their numbering system in the text provided.","Based on the provided information, I cannot answer your question about ""Permatex Surface Insensitive Threadlocker Blue.""

The provided manual information is specifically about **LOCTITE** products, including the product characteristics of LOCTITE 222MS and a general guide to LOCTITE product numbering. There is no information about Permatex brand products.","This question cannot be answered with the provided information. The provided information only describes LOCTITE products, not Permatex.","Based on the provided information, I cannot answer your question about ""Permatex Surface Insensitive Threadlocker Blue."" The provided text contains details only about LOCTITE® products and their numbering system.","Based on the provided information, I cannot definitively answer what ""Permatex Surface Insensitive Threadlocker Blue"" is. The provided documents only contain information about LOCTITE products, not Permatex. However, based on the product family characteristics of LOCTITE products, I can speculate the following:

*   The name ""Threadlocker"" suggests it falls under the category of **2XX = Threadlockers**.
*   ""Blue"" usually suggests a medium strength threadlocker
*   The mention of ""surface insensitive"" suggests that it may not need as much surface preparation or cleaning prior to application.","Loctite 567 is a **high-performance anaerobic thread sealant** specifically designed for **tapered pipe threads**.

It suits scenarios where you need to create a reliable, leak-free seal on metal pipe fittings, especially those carrying fluids or gasses under pressure, and where easy assembly and disassembly might be desired.

Here are the key scenarios and characteristics that make Loctite 567 suitable:

1.  **Sealing Tapered Pipe Threads:** Its primary use is on tapered pipe threads (like NPT, BSPT) made of various metals, preventing leaks of liquids and gases. It fills the gaps in the threads and cures into a durable plastic.
2.  **High-Pressure Fluid Systems:** It's excellent for applications involving high-pressure hydraulic, pneumatic, and general industrial piping systems. It can withstand pressures up to the burst strength of most piping systems.
3.  **Resistance to Various Chemicals:** It offers excellent resistance to a wide range of chemicals, including:
    *   Hydraulic fluids
    *   Oils
    *   Fuels
    *   Refrigerants
    *   Brake fluids
    *   Water
    *   Corrosion.
4.  **Wide Temperature Range:** It performs well across a broad operating temperature range, typically from -65°F to +400°F (-54°C to +204°C).
5.  **Preventing Galling and Seizing:** The PTFE (Teflon) content in Loctite 567 lubricates the threads, making assembly easier and preventing galling, especially on stainless steel and other passive metals. This also allows for easier disassembly years later.
6.  **Slow Curing for Adjustments:** It has a relatively slow cure speed, which provides sufficient time for users to make adjustments to the pipe fittings before the sealant fully sets. This is beneficial in complex assemblies.
7.  **Paste Consistency:** Its white, non-dripping paste consistency makes it easy to apply to male pipe threads.
8.  **Vibration Resistance:** While primarily a sealant, it also helps prevent vibrational loosening of the connection by locking the threads together once cured.

**Typical Applications Include:**

*   **Hydraulic systems** (pipes, fittings, valves)
*   **Pneumatic systems** (air lines, cylinders, fittings)
*   **Industrial piping** (water, oil, gas, chemical lines)
*   **Refrigeration and HVAC systems**
*   **Automotive and heavy equipment brake systems** (where applicable)
*   Any metal pipe fittings requiring a reliable, long-lasting seal that can withstand pressure, temperature, and chemical exposure.

**In summary, Loctite 567 is your go-to product when you need to seal tapered metal pipe threads against leaks, prevent galling, and ensure reliable performance in demanding industrial or commercial environments.**","Loctite 567 is a threaded sealant designed for sealing tapered metal pipes and fittings. Here's a breakdown of scenarios where it's well-suited:

*   **Metal Pipe Threads:** Loctite 567 is specifically formulated for metal pipe threads (tapered pipe threads like NPT).

*   **High-Temperature Applications:** It's designed to withstand high temperatures, often up to 400°F (204°C), making it suitable for applications where heat is a factor.

*   **Chemical Resistance:** It offers good resistance to various chemicals, including oils, fuels, and coolants, ensuring a reliable seal in demanding environments.

*   **Instant Low-Pressure Sealing:** Provides immediate low-pressure sealing.

*   **Easy Disassembly:** Allows for easy disassembly with standard tools.

**Common Applications**

*   **Hydraulic and Pneumatic Systems:** Sealing fittings in hydraulic and pneumatic systems.

*   **Oil and Fuel Lines:** Sealing connections in oil and fuel lines.

*   **Process Piping:** Sealing threaded connections in industrial process piping systems.

*   **High-Temperature Environments:** Applications in engines, boilers, and other equipment that generate high temperatures.","What is Permatex Surface Insensitive Threadlocker Blue?

Permatex Surface Insensitive Threadlocker Blue is a high-performance threadlocker that is formulated to resist corrosion and fade. It is ideal for use on metal, plastic, and rubber surfaces.

Features:

* Resistant to corrosion and fading
* Bonds strong without rust or oxidation
* Resistant to solvents and chemicals
* Suitable for use on a variety of materials
* Easy to apply
* Remains flexible for long periods of time

Applications:

* Bonding metal parts
* Repairing cracked or damaged surfaces
* Securing plastic components
* Protecting rubber seals and hoses

Benefits:

* Prevents corrosion and fading
* Bonds securely without rust or oxidation
* Reduces the need for maintenance and repairs
* Suitable for a wide range of applications"
1,"If I want adhasives weaker than LOCTITE 271 , what is the product recommendation?","LOCTITE 243 is a medium strength threadlocking adhesive that seals and secures metal nuts and bolts to prevent loosening due to shock and vibration. It is designed for the locking and sealing of threadedfasteners which require normal disassembly with standard handtools. The product cures when confined in the absence of airbetween close fitting metal surfaces. LOCTITE 243 works on all metals, including passive substrates such as stainless steel, aluminium and plated surfaces. It is proven to be tolerant of minor contamination due to industrial oils.",5,1,,The product recommendation is LOCTITE 435.,"LOCTITE 271 is a 2XX product, which means it is a Threadlocker.

According to the product family characteristics:
""2XX = Threadlockers
Used to lock and secure threaded fasteners.
Threadlockers can have low-strength, medium-strength, high-strength and locking for pre-assembled fasteners.""

To find an adhesive weaker than LOCTITE 271 (which is typically a high-strength threadlocker, though its specific strength isn't detailed in the provided text), you would need to look for a **low-strength or medium-strength Threadlocker** within the 2XX product family. The provided information does not specify particular product numbers for these weaker options.","LOCTITE 271 is a Threadlocker (2XX). Threadlockers come in low, medium, and high strengths. To get an adhesive weaker than LOCTITE 271, you should use a LOCTITE Threadlocker with low or medium strength. I can't provide a specific product number without knowing the desired strength level.","LOCTITE 271 falls into the 2XX product family, which are **Threadlockers**.

Threadlockers are available in various strengths, including low-strength, medium-strength, and high-strength options. If you want adhesives weaker than LOCTITE 271, you should look for **low-strength or medium-strength Threadlockers** within the 2XX product family.","LOCTITE 271 is a Threadlocker (2XX product). If you want an adhesive weaker than LOCTITE 271, you should look for a **low-strength or medium-strength Threadlocker (2XX product)**. The LOCTITE 2XX family includes threadlockers with various strengths, so you would need to select one specifically designed for lower strength compared to LOCTITE 271.","LOCTITE 271 falls into the **2XX = Threadlockers** category.

Threadlockers are used to lock and secure threaded fasteners and come in various strengths: low-strength, medium-strength, and high-strength.

If you want adhesives weaker than LOCTITE 271 (which is typically a high-strength threadlocker), you should look for other **2XX Threadlockers** that are designated as **low-strength or medium-strength**.","LOCTITE 271 is a threadlocker, meaning it falls under the 2XX category. Threadlockers come in low, medium, and high strengths.

Therefore, to get a weaker threadlocker than LOCTITE 271, the product recommendation would be a **low-strength threadlocker** (still within the 2XX family).","LOCTITE 271 is a Threadlocker, as indicated by its ""2XX"" product number. According to the product family characteristics, Threadlockers are available in low-strength, medium-strength, and high-strength varieties.

If you are looking for adhesives weaker than LOCTITE 271, you should consider other **Threadlockers (2XX products)** that are specifically designed for **low-strength or medium-strength** applications.","Based on the provided information, LOCTITE 271 is a threadlocker (2XX). Threadlockers come in different strengths (low, medium, high). Since you want a weaker adhesive than LOCTITE 271, the recommendation is to use a **low-strength threadlocker (2XX)**.","Loctite 567 is an **anaerobic thread sealant** designed for **locking and sealing metal threaded pipes and fittings**. It's a high-performance, general-purpose sealant particularly well-suited for coarse threads (like NPT and BSPT) found in many industrial and commercial applications.

Here are the specific scenarios where Loctite 567 excels:

1.  **Sealing Metal Threaded Pipes and Fittings:** This is its primary purpose. It's used to prevent leaks of liquids and gases through the spiral leakage paths in metal pipe threads.
2.  **High-Pressure Fluid Systems:** It provides a reliable seal in systems operating under high pressure, such as:
    *   **Hydraulic lines**
    *   **Pneumatic systems**
    *   **Fuel and oil lines**
    *   **Refrigeration systems**
    *   **Industrial process piping**
3.  **Potable Water and Gas Lines:** Loctite 567 often carries NSF/ANSI 61 certification for use in potable water applications, and approvals like AGA/CSA/UL/DVGW for gas lines. This makes it suitable for:
    *   **Domestic and industrial water piping (hot and cold)**
    *   **Natural gas, LPG, and other industrial gas lines**
4.  **Applications Requiring Medium Strength (Removable):** While it provides a strong seal, it's formulated for medium strength, meaning fittings can still be disassembled later using hand tools without damaging the threads. This is crucial for:
    *   **Maintenance and repair of plumbing and fluid systems**
    *   **Where periodic inspection or component replacement is expected**
5.  **Coarse Thread Applications (e.g., NPT, BSPT):** Its paste-like consistency with PTFE (polytetrafluoroethylene) allows it to effectively fill the larger gaps found in coarse pipe threads, providing a superior seal compared to thinner liquid sealants or tape alone.
6.  **Preventing Galling and Facilitating Assembly:** The PTFE content acts as a lubricant, making assembly easier and preventing galling (cold welding) of threads, especially in stainless steel or other susceptible metals.
7.  **Situations Requiring Slow Cure for Adjustment:** Loctite 567 has a slower cure time compared to some other thread sealants. This is beneficial when:
    *   **Precise alignment of pipes or fittings is needed**
    *   **You require time for adjustments after initial assembly before the seal fully cures**
8.  **Vibration and Shock Resistance:** Unlike traditional pipe dope or tape, an anaerobic sealant cures to a solid plastic that resists loosening due to vibration or thermal cycling.

**In summary, Loctite 567 is the go-to choice for creating a durable, leak-proof, medium-strength, and high-pressure resistant seal on metal threaded pipe connections, particularly in plumbing, HVAC, industrial, and fluid power systems where future disassembly might be required.**","Loctite 567 is a threaded pipe sealant designed for sealing tapered and straight/tapered fittings. Here's a breakdown of the scenarios it's best suited for:

*   **Threaded Metal Pipes and Fittings:** Loctite 567 is specifically formulated for sealing threaded metal pipes and fittings, such as those made of stainless steel, aluminum, brass, copper, galvanized steel, and more.
*   **High-Temperature Applications:** It's suitable for applications where the sealant will be exposed to higher temperatures, typically up to 400°F (204°C).
*   **Chemical Resistance:** Loctite 567 offers good resistance to various chemicals, including fuels, oils, lubricants, and coolants.
*   **High-Pressure Systems:** It can effectively seal connections in high-pressure systems, helping to prevent leaks.
*   **Applications Requiring Easy Disassembly:** While it provides a strong seal, Loctite 567 allows for relatively easy disassembly when needed, which is useful for maintenance or repairs.
*   **Plumbing and Industrial Applications:** Common uses include sealing pipe joints in plumbing systems, hydraulic and pneumatic systems, and other industrial applications involving threaded metal connections.
*   **Examples:** Sealing threaded fittings on pumps, valves, gauges, compressors, and hydraulic equipment.

In summary, use Loctite 567 when you need to seal threaded metal pipes and fittings in applications that may involve high temperatures, chemical exposure, or high pressure, and where you might need to disassemble the connection in the future.","If I want adhasives weaker than LOCTITE 271 , what is the product recommendation?

Sure, here's a product recommendation for adhesive with a strength lower than LOCTITE 271:

* **RTV 301**
* **Superglue 105**
* **Gorilla Glue**
* **Epoxy 81**"
2,What is OSiS Dust?,"OSiS Dust is a lightweight mattifying powder that delivers instant volume, texture, and a natural matte finish. With flexible hold and easy application, this styling essential is perfect for creating modern, touchable hairstyles. Texture and volumizing hold last for up to 24 hours with a light matte finish.",1,0,Products from Henkel non-adhesive business unit,"The context does not provide any information about OSiS Dust, so I cannot answer this question from the context.","I am sorry, but the provided information does not contain any details about ""OSiS Dust"". The text is focused on LOCTITE products, their descriptions, cleanup, specifications, and product family characteristics.","The provided text doesn't mention ""OSiS Dust."" The information given is related to LOCTITE adhesives and their product numbers. Therefore, I cannot answer your question about OSiS Dust based on the provided information.","The provided information does not contain any details about ""OSiS Dust."" The text discusses various LOCTITE products and their classifications.","I am sorry, but the provided information does not contain any details about ""OSiS Dust."" The information focuses on LOCTITE product families and general handling recommendations for those products.","I'm sorry, but the provided information does not contain any details about ""OSiS Dust."" The text focuses on LOCTITE adhesives, their properties, usage, and numbering system.","Based on the information provided, there is no mention of ""OSiS Dust"" in relation to LOCTITE products. Therefore, I cannot answer your question.","Based on the provided information, there is no mention or definition of ""OSiS Dust."" The information provided only details LOCTITE product categories and general safety warnings for those products.","Based on the provided information, there is no mention of ""OSiS Dust"" in the Technical Data Sheet or the additional manual information regarding LOCTITE product families.","Loctite 567 is an **anaerobic thread sealant** specifically designed for locking and sealing metal threaded pipes and fittings. It's a high-performance solution that offers several advantages over traditional pipe sealing methods like PTFE tape or liquid pipe dope.

Here's a breakdown of the scenarios and characteristics that make Loctite 567 suitable:

1.  **General Purpose Pipe Thread Sealing:** It's ideal for all types of metal tapered pipe threads (like NPT, BSPT) that require a reliable, leak-proof seal.

2.  **Hydraulic and Pneumatic Systems:**
    *   Seals fittings in high-pressure hydraulic lines.
    *   Effective on compressed air lines and pneumatic control systems.
    *   Withstands common hydraulic fluids, oils, and gases.

3.  **Industrial MRO (Maintenance, Repair, and Operations):**
    *   Perfect for general plant maintenance, sealing pipes in manufacturing facilities, chemical processing plants, etc.
    *   Used on lines for water, gas, refrigerants, fuel, and various industrial fluids.

4.  **HVAC and Refrigeration Systems:**
    *   Suitable for sealing refrigerant lines, condenser and evaporator connections, and other pipework in heating, ventilation, air conditioning, and refrigeration equipment.

5.  **Plumbing Applications:**
    *   Can be used on water lines (hot and cold), natural gas lines, and LP gas lines (often has relevant certifications like UL/CSA for these).
    *   Provides a durable seal that won't shrink, crack, or creep over time.

6.  **Situations Requiring Disassembly:**
    *   It's a **medium-strength** sealant, meaning that while it seals effectively, fittings can still be disassembled later using standard hand tools without excessive force or damaging the threads. This is crucial for maintenance and repairs.

7.  **High-Temperature Environments:**
    *   Offers excellent temperature resistance, typically up to +204°C (400°F), making it suitable for applications exposed to elevated heat.

8.  **High-Pressure Applications:**
    *   Designed to withstand significant pressure, often sealing up to the burst strength of the piping itself.

9.  **Prevention of Galling and Corrosion:**
    *   Lubricates the threads during assembly, preventing galling (cold welding) of metal threads.
    *   Once cured, it fills all thread imperfections, preventing internal thread corrosion.

10. **Eliminating Contamination:**
    *   Unlike PTFE tape, it doesn't shred or leave loose particles that can clog valves, filters, or sensors in the system.

**Key Characteristics of Loctite 567:**
*   **Anaerobic:** Cures in the absence of air and in contact with active metal surfaces.
*   **Medium Strength:** Allows for disassembly.
*   **Contains PTFE:** Often referred to as a ""PTFE pipe sealant"" for its lubricating and sealing properties.
*   **Instant Low-Pressure Seal:** Provides immediate sealing against leaks after assembly, even before full cure.
*   **Excellent Chemical Resistance:** Resists a wide range of chemicals, solvents, and fuels.
*   **White, Paste-like Consistency:** Easy to apply and fills thread gaps effectively.

In summary, Loctite 567 is an excellent choice for any professional or DIY enthusiast needing a reliable, medium-strength, leak-proof seal on metal threaded pipes and fittings across a wide range of temperatures and pressures, especially where future disassembly might be required.","Loctite 567 Thread Sealant is generally best suited for the following scenarios:

*   **Sealing tapered metal pipe threads and fittings.** This is its primary use.
*   **Slow curing:** Loctite 567 is slow curing.
*   **High-temperature applications:** It's designed to withstand high temperatures.
*   **Stainless steel and other passive metals:** It works well on these materials.
*   **Applications where disassembly is required:** It allows for disassembly with standard tools.
*   **Chemical resistance:** It provides good resistance to various chemicals.","What is OSiS Dust?

OSiS dust is a type of particulate matter that is generated when organic silicon compounds, such as silicones and siloxane polymers, are exposed to high temperatures. These compounds can be emitted from industrial processes, power plants, and other sources that burn organic materials.

**Characteristics of OSiS Dust:**

* **Colorless or pale yellow**
* **Fine particles** with a mean diameter less than 10 micrometers
* **Highly reflective** due to the large surface area of the particles
* **Toxicological effects:** Can irritate the eyes, nose, and throat

**Sources of OSiS Dust:**

* **Industrial emissions:** Fossil fuel power plants, semiconductor manufacturing, plastics production, and glass manufacturing.
* **Fugitive emissions:** From industrial equipment, such as boilers, turbines, and storage tanks.
* **Natural sources:** Can be present in volcanic ash, dust, and soil.

**Health Effects of OSiS Dust:**

* Can cause irritation and inflammation of the eyes, nose, and throat.
* Can irritate the lungs and cause respiratory problems, such as asthma and bronchitis.
* Can also accumulate in the body and potentially contribute to cancer.

**Regulations for OSiS Dust:**"
3,Loctite 401 suits for what scenairo?,"LOCTITE 401 is a fast-fixturing instant adhesive designed for the assembly of difficult-to-bond materials which require uniform stress distribution and strong tension and/or shear strength. The product provides rapid bonding of a wide range of materials, including metals, plastics and elastomers. It is also suited for
 bonding porous materials such as wood, paper, leather and fabric.",5,1,,"The context does not provide any information about the scenario in which Loctite 401 is used, so I cannot answer this question from the given context.","Loctite 401 is an Instant Adhesive (Cyanoacrylate) and is suitable for scenarios requiring fast-curing glue for materials such as rubber, plastic, and metal.","Loctite 401 falls under the 4XX category. This means it's an Instant Adhesive (Cyanoacrylate), best suited for fast-curing gluing of rubber, plastic, and metal.","Based on the product family characteristics:

Loctite **401** falls under the **4XX** category.

**4XX and some 3XX products = Instant Adhesives (Cyanoacrylates)**

Therefore, Loctite 401 is an **Instant Adhesive (Cyanoacrylate)** and is suitable for **fast-curing applications on rubber, plastic, and metal.**","Loctite 401 is an instant adhesive (cyanoacrylate) with low viscosity, designed for rapid bonding of a wide range of materials, including metals, plastics, and elastomers. It is suitable for scenarios requiring fast-curing glue for these specific substrates.","Loctite 401 falls into the **4XX** product family.

Loctite 401 is an Instant Adhesive (Cyanoacrylate). It is suitable for scenarios requiring fast-curing glue for rubber, plastic, and metal.","Loctite 401 falls under the ""4XX"" category. Therefore, it's an Instant Adhesive (Cyanoacrylate) suitable for fast-curing bonding of rubber, plastic, and metal.","LOCTITE 401 is an **instant adhesive (cyanoacrylate)**, indicated by its 4XX product number.

Based on its product description, LOCTITE 401 is suitable for scenarios requiring **fast bonding of a wide range of materials, specifically metals, plastics, and elastomers.**","Loctite 401 falls under the 4XX category, which signifies it is an Instant Adhesive (Cyanoacrylate). These are fast-curing glues typically used for bonding rubber, plastic, and metal.","Loctite 567 is a high-performance, anaerobic thread sealant specifically designed for **metal tapered pipes and fittings**.

Here are the scenarios where Loctite 567 is particularly well-suited:

1.  **Sealing Metal Tapered Pipe Threads:** Its primary use is to prevent leaks in threaded connections made from metals like steel, stainless steel, brass, and copper. It fills the gaps in the threads and cures in the absence of air and in contact with metal.
2.  **High-Pressure and High-Temperature Environments:** It's designed to withstand significant pressure and temperatures, making it ideal for systems found in:
    *   **Hydraulic and Pneumatic Systems:** Sealing connections in fluid power systems where high pressure is common.
    *   **HVAC Systems:** For sealing refrigerant lines, water lines, and compressed air lines.
    *   **Industrial Process Piping:** Water, oil, gas, and various chemical lines in manufacturing plants.
    *   **Fuel and Oil Lines:** Providing a reliable seal that resists common automotive and industrial fluids.
3.  **Preventing Leaks in Static and Dynamic Applications:** While the connections are static once sealed, the systems themselves might involve vibration or pressure fluctuations. Loctite 567 maintains a robust seal.
4.  **Where Disassembly is Required for Maintenance:** Unlike permanent threadlockers, Loctite 567 provides a medium-strength seal that can still be disassembled with standard hand tools, making maintenance and repairs much easier.
5.  **Preventing Galling:** Especially useful on stainless steel and other metals prone to galling (cold welding) during assembly. Loctite 567 lubricates the threads during tightening and prevents metal-on-metal seizing.
6.  **Replacing PTFE Tape or Pipe Dope:** It's a superior alternative because it won't shred, creep, or shrink, preventing contamination of fluid systems. It also provides a more consistent, reliable seal across the entire thread engagement.
7.  **Applications Requiring Specific Approvals:** Many versions of Loctite 567 carry approvals such as NSF/ANSI 61 for potable water, UL Classified for gas and fire sprinkler systems, and CSA/AGA for natural gas applications, making it suitable for residential, commercial, and industrial gas lines.
8.  **On Stainless Steel Connections:** Its specific formulation makes it excellent for passive metals like stainless steel without requiring a primer, although a primer can accelerate cure time if needed.

**In summary, Loctite 567 is the go-to choice for creating durable, leak-proof, and reliably disassemblable seals on all types of metal tapered pipe threads, especially in demanding industrial, commercial, and automotive fluid transfer systems.**

**Do NOT use it for:**
*   Plastic pipes or fittings (anaerobic sealants generally don't cure well or at all on plastic).
*   Applications requiring a permanent, high-strength bond that won't ever be disassembled.
*   Parallel thread connections where a large gap needs filling (while it can handle some, it's optimized for tapered threads).","Loctite 567 is designed for sealing tapered metal pipe threads and fittings. Here's a breakdown of the scenarios where it's well-suited:

*   **Metal Pipes and Fittings:** It's formulated specifically for metal threads, providing a reliable seal and preventing leaks.
*   **Tapered Threads:** It excels at sealing tapered threads, which are commonly found in plumbing, hydraulics, and pneumatics.
*   **High-Temperature Applications:** Loctite 567 is heat-resistant, making it suitable for applications where temperatures may be elevated (e.g., steam lines, engine components).
*   **Chemical Resistance:** It offers good resistance to various chemicals, making it suitable for use in environments where exposure to chemicals is a concern.
*   **Easy Disassembly:** While it provides a strong seal, it allows for relatively easy disassembly with standard tools when needed.
*   **Instant Sealing:** It provides an instant, low-pressure seal. Full cure and pressure resistance develop over time.
*   **Stainless Steel, Aluminum and other metals:** Suitable for many metal surfaces.

In summary, Loctite 567 is a good choice for sealing metal tapered pipe threads and fittings in applications that require high-temperature resistance, chemical resistance, and relatively easy disassembly.","Loctite 401 suits for what scenairo?

Loctite 401 is a thread sealant that is used to create a permanent seal between two pieces of metal, such as nuts and bolts. It is commonly used in automotive repair, plumbing, and electrical work.

**Scenario:**

Loctite 401 can be used to create a permanent seal between two pieces of metal, such as nuts and bolts, in automotive repair, plumbing, and electrical work."
4,Can you recommend medium strength threadlocking adhesive bestseller？,LOCTITE 243.,5,1,,"The information is not mentioned in the context, so I cannot recommend a medium-strength threadlocking adhesive bestseller.","LOCTITE 2XX products are classified as Threadlockers, used to lock and secure threaded fasteners. These products are available in low-strength, medium-strength, and high-strength varieties.

The provided information details the adhesive properties of LOCTITE® 277, which is a threadlocker (a 2XX product). However, the given text does not explicitly state whether LOCTITE® 277 is a medium-strength adhesive, nor does it identify any specific product as a ""bestseller.""

Therefore, based solely on the provided information, I cannot recommend a specific medium strength threadlocking adhesive bestseller.","Based on the LOCTITE product family characteristics, I need a 2XX series product to recommend a threadlocker. I cannot provide a specific ""bestseller"" recommendation without access to sales data or customer reviews. However, I can recommend a popular general-purpose, medium-strength threadlocker:

Based on the available data, no specific product is named, however LOCTITE® 277 is tested to the lot requirements of Military Specification Mil-S-46163A. Note: This is a regional approval. Please contact your local Technical Service Center for more information and clarification.","Based on the information provided:

LOCTITE products in the **2XX** series are Threadlockers, which are used to lock and secure threaded fasteners. This category includes low-strength, medium-strength, and high-strength options.

However, the provided data details LOCTITE® 277, which, given its high tensile and shear strength values, is generally considered a high-strength threadlocker, not medium-strength.

The information does not specify a particular product number for a ""medium strength threadlocking adhesive"" nor does it indicate which products are ""bestsellers.""

Therefore, while medium-strength threadlockers exist within the LOCTITE 2XX product family, the provided data does not allow me to recommend a specific product number or identify a bestseller for that category.","Based on the provided information:

Threadlocking adhesives belong to the **2XX** product family. The information states that these threadlockers are available in various strengths, including medium strength.

However, the provided text does not specifically recommend a product number that is categorized as a ""medium strength"" threadlocker, nor does it identify any specific product as a ""bestseller"". LOCTITE 277 is mentioned as a threadlocker, but its specific strength (low, medium, or high) is not stated in the provided details.","Based on the LOCTITE product numbering system, threadlocking adhesives are in the **2XX** product family. These are used to lock and secure threaded fasteners and come in various strengths, including medium-strength.

However, the provided information does not specify which particular 2XX product is a ""bestseller"" or a specific product number for a medium-strength threadlocker. It only indicates the product family for this type of adhesive.","Based on the information provided, I can recommend a medium-strength threadlocker.  Since the product in the provided information is LOCTITE 277 and product family 2XX = Threadlockers I can not be certain if this is a medium strength product.

To give you the best recommendation for a medium-strength threadlocker bestseller, I would need access to a list of LOCTITE products that are specifically categorized by strength (low, medium, high) and sales data.","LOCTITE 2XX products are threadlockers, which include options for medium strength. However, the provided information does not specify a particular medium strength threadlocker as a ""bestseller,"" nor does it define the strength level of the mentioned LOCTITE 277.","Based on the provided information:

LOCTITE® 402™ is an **Instant Adhesive (Cyanoacrylate)**. Since it falls into the **4XX** product number range, it is a fast-curing glue suitable for rubber, plastic, and metal. This particular product is also suitable for bonding porous materials and disposable medical devices.

Regarding the question ""Can you recommend medium strength threadlocking adhesive bestseller?"", the provided data indicates that threadlockers are in the 2XX product family and have low, medium, and high strength options. However, the data doesn't list bestsellers. I'd recommend looking for specific 2XX series products marketed as medium strength threadlockers on the Loctite website or at a retailer.","Loctite 567 is an **anaerobic thread sealant** primarily designed for **locking and sealing metal tapered pipe threads and fittings**. Its unique properties make it suitable for a variety of scenarios where reliability, leak prevention, and moderate disassembly are required.

Here are the key scenarios where Loctite 567 excels:

1.  **Sealing Metal Tapered Pipe Threads:** This is its primary application. It cures in the absence of air and in contact with metal, forming a durable, leak-proof seal on threads up to 3 inches (M80).
2.  **High-Pressure Fluid Systems:** It provides an instant low-pressure seal and, once fully cured, can withstand high pressures, making it ideal for hydraulic, pneumatic, and general fluid transfer lines.
3.  **Aggressive Chemical Environments:** It offers excellent resistance to a wide range of chemicals, including fuels, oils, coolants, refrigerants, and hydraulic fluids, preventing leaks in systems carrying these substances.
4.  **High-Temperature Applications:** It has a good high-temperature resistance (typically up to 200°C or 400°F), making it suitable for engines, industrial machinery, and other hot environments.
5.  **Applications Requiring Easy Disassembly:** While it provides a reliable seal, Loctite 567 is a medium-strength product. This means that connections can still be disassembled later using standard hand tools, unlike higher-strength threadlockers.
6.  **Potable Water Systems:** It is NSF/ANSI 61 certified for use in potable (drinking) water systems, making it a safe choice for plumbing applications in homes and commercial buildings.
7.  **Natural Gas and LPG Lines:** It holds UL, CSA, and AGA (Australian Gas Association) approvals for use with natural gas, liquefied petroleum gas (LPG), and petroleum fuels, ensuring safety and compliance for gas line installations.
8.  **Coarse Thread Applications:** Its paste-like consistency helps fill larger gaps in coarse threads effectively, preventing leaks where liquids might not perform as well.

**In summary, Loctite 567 is best suited for scenarios where you need a reliable, medium-strength, chemically and temperature-resistant thread sealant for metal tapered pipe threads in industrial, commercial, and domestic plumbing, HVAC, and fluid power systems, especially those carrying gases, water, or various industrial fluids, and where future disassembly might be necessary.**

**What it's NOT ideal for:**

*   **Plastic Threads:** It is not designed for plastic threads and may even damage some plastics.
*   **Fine Threads:** While it can work, liquid thread sealants might be easier to apply on very fine threads.
*   **Applications Requiring Permanent Bonding:** If you never want to disassemble the connection, a higher-strength threadlocker would be more appropriate.","Loctite 567 Thread Sealant is a high-performance, Teflon-based sealant specifically designed for **sealing tapered pipe threads in metal piping systems.**

Here's a breakdown of the scenarios where Loctite 567 is a good choice:

*   **Metal Pipe Threads:** It's ideal for sealing threads on fittings made of materials like steel, stainless steel, brass, aluminum, and other metals.
*   **Tapered Threads:** Designed specifically for tapered threads, like NPT (National Pipe Taper), which rely on interference to create a seal.
*   **High-Pressure Applications:** Formulated to withstand high pressures in hydraulic, pneumatic, and other fluid-carrying systems.
*   **Chemical Resistance:** Offers resistance to a range of chemicals, including oils, fuels, coolants, and some solvents.
*   **Temperature Resistance:** Typically suitable for use within a specific temperature range, often from -55°C to +150°C (-65°F to +300°F).
*   **Ease of Disassembly:** Provides a lubricating effect that allows for easier disassembly and reassembly of threaded connections.
*   **Instant Sealing:** Offers immediate low-pressure sealing, allowing for pressure testing shortly after assembly.
*   **Replacing Pipe Dope:** It's an alternative to traditional pipe dopes and Teflon tape, offering a cleaner and more reliable seal.
*   **Typical applications:** include sealing fittings and threaded connections in industrial plants, fluid power systems, refineries, and other environments where leak-free metal pipe joints are essential.

**In summary, use Loctite 567 when you need a reliable, chemically resistant, high-pressure sealant for metal tapered pipe threads.**","Can you recommend medium strength threadlocking adhesive bestseller？

Sure, here are a few highly rated medium-strength threadlocking adhesives that are bestsellers:

**1. Loctite 242:**
* High strength and waterproof
* Versatile and can be used for various applications
* Easy to clean up with isopropyl alcohol

**2. Gorilla Super Glue:**
* Extra strong and flexible
* Good adhesion to a wide range of materials
* Perfect for outdoor projects

**3. 3M Super Glue:**
* Great for metal and plastic
* Can be used for a variety of applications, including threadlocking
* Easy to apply with a syringe

**4. Armobond 1118:**
* Perfect for bonding wood, metal, and plastic
* Can be used for both indoor and outdoor projects
* Very strong bond

**5. Tesa 52200:**
* Designed for high-strength bonding in humid conditions
* Can be used for a variety of applications, including threadlocking
* Easy to clean up with a cloth

**6. Weld-On 801:**
* Perfect for bonding metal to metal or plastic
* Can be used for a variety of applications, including threadlocking
* Easy to clean up"
5,Loctite 567 suits for what scenairo?,"LOCTITE® 567™ is designed for the locking and sealing of metal
tapered threads and fittings. The product cures when confined in the
absence of air between close fitting metal surfaces and prevents
loosening and leakage from shock and vibration. LOCTITE® 567™
provides robust curing performance. The high lubricating properties
of this compound prevent galling on stainless steel, aluminum and
all other metal pipe threads and fittings. It not only works on active
metals (e.g. brass, copper) but also on passive substrates such as
stainless steel and plated surfaces. The product offers high
temperature performance and oil tolerance. It tolerates minor
surface contaminations from various oils, such as cutting,
lubrication, anti-corrosion and protection fluids. LOCTITE® 567™ is
recommended for industrial applications in the chemical processing,
petroleum refining, pulp/paper, waste treatment, textile,
utilities/power generation, marine, automotive, industrial equipment,
gas compression and distribution industries. It is also recommended
for industrial plant fluid power systems.",5,1,,Loctite 567 is designed for the locking and sealing of metal tapered threads and fittings.,"Loctite 567, being a **5XX product**, falls into the **Sealants** category.

Based on the provided information, Loctite 567 is suitable for the following scenarios:

*   **Locking and sealing of metal tapered threads and fittings.**
*   **Preventing loosening and leakage** caused by shock and vibration in assembled metal parts.
*   **Applications requiring robust curing performance.**
*   **Situations where galling on metal pipe threads and fittings (stainless steel, aluminum, brass, copper, plated surfaces) needs to be prevented** due to its high lubricating properties.
*   **Environments demanding high temperature performance and tolerance to minor surface contaminations from various oils** (cutting, lubrication, anti-corrosion, protection fluids).
*   **Industrial applications** in sectors such as: chemical processing, petroleum refining, pulp/paper, waste treatment, textile, utilities/power generation, marine, automotive, industrial equipment, and gas compression.","LOCTITE 567 is a sealant (5XX). It's suited for locking and sealing metal tapered threads and fittings in industrial applications. It prevents loosening and leakage from shock and vibration, works on active and passive metals, tolerates minor surface contaminations from various oils, and offers high-temperature performance. Specific industries mentioned include chemical processing, petroleum refining, pulp/paper, waste treatment, textile, utilities/power generation, marine, automotive, industrial equipment, and gas compression.","Loctite 567 is a **Sealant** (as indicated by the ""5XX"" product family characteristic).

It is specifically designed for the **locking and sealing of metal tapered threads and fittings**. This product is suitable for scenarios where you need to:
*   Prevent loosening and leakage from shock and vibration.
*   Seal metal pipe threads and fittings made from various metals (e.g., stainless steel, aluminum, brass, copper, plated surfaces).
*   Work in environments requiring high temperature performance and oil tolerance, even tolerating minor surface contaminations from cutting, lubrication, anti-corrosion, and protection fluids.

It is recommended for a wide range of industrial applications, including chemical processing, petroleum refining, pulp/paper, waste treatment, textile, utilities/power generation, marine, automotive, industrial equipment, and gas compression.","Error calling Gemini API: 429 You exceeded your current quota, please check your plan and billing details. For more information on this error, head to: https://ai.google.dev/gemini-api/docs/rate-limits. To monitor your current usage, head to: https://ai.dev/usage?tab=rate-limit. 
* Quota exceeded for metric: generativelanguage.googleapis.com/generate_content_free_tier_requests, limit: 10, model: gemini-2.5-flash
Please retry in 21.073552319s. [links {
  description: ""Learn more about Gemini API quotas""
  url: ""https://ai.google.dev/gemini-api/docs/rate-limits""
}
, violations {
  quota_metric: ""generativelanguage.googleapis.com/generate_content_free_tier_requests""
  quota_id: ""GenerateRequestsPerMinutePerProjectPerModel-FreeTier""
  quota_dimensions {
    key: ""model""
    value: ""gemini-2.5-flash""
  }
  quota_dimensions {
    key: ""location""
    value: ""global""
  }
  quota_value: 10
}
, retry_delay {
  seconds: 21
}
]","LOCTITE® 567™ is a **sealant (as indicated by the 5XX product number)** specifically designed for the following scenarios:

*   **Locking and Sealing Metal Tapered Threads and Fittings:** Its primary purpose is to create a robust seal and prevent loosening on metal threaded assemblies.
*   **Preventing Loosening and Leakage:** It's ideal for applications where shock and vibration could cause fasteners to loosen or pipes to leak.
*   **Preventing Galling:** Especially suitable for applications involving stainless steel, aluminum, brass, copper, and plated surfaces, where it prevents galling during assembly.
*   **Wide Metal Compatibility:** Works effectively on both active metals (e.g., brass, copper) and passive substrates (e.g., stainless steel, plated surfaces).
*   **High Temperature and Oil Tolerance:** Suited for environments with high temperatures and can tolerate minor surface contaminations from various oils (cutting, lubrication, anti-corrosion, protection fluids).
*   **Industrial Applications:** Recommended for demanding industrial settings such as chemical processing, petroleum refining, pulp/paper, waste treatment, textile, utilities/power generation, marine, automotive, industrial equipment, and gas compression.
*   **Potable Water Systems:** Certified to ANSI/NSF Standard 61 for use in commercial and residential potable water systems not exceeding 82° C.
*   **Gas Applications:** Approved by the Australian Gas Association for gas applications with a working pressure of 2000 kPa and working temperature of -10 to 205°C.
*   **Hydrogen Applications:** Certified for use as a Hydrogen Certified Adhesive (conforms to GASTEC QA Approval requirement 214).

In summary, Loctite 567 is suitable for scenarios requiring a high-performance, anaerobic sealant for metal tapered threads and fittings in various industrial, water, and gas applications, especially where high temperature, oil tolerance, and galling prevention are critical.","Loctite 567 is a sealant (5XX). It is designed for locking and sealing metal tapered threads and fittings. It prevents loosening and leakage from shock and vibration, works on both active and passive metals, offers high-temperature performance and oil tolerance, and is suitable for industrial applications like chemical processing, petroleum refining, and more.","LOCTITE 567 falls under the **5XX = Sealants** product family, which are generally used to seal surfaces, flanges, and pipe fittings.

Specifically, LOCTITE 567 is designed for scenarios involving the **locking and sealing of metal tapered threads and fittings**. It is particularly suitable for:

*   **Preventing loosening and leakage** from shock and vibration in metal tapered threads and fittings.
*   **Preventing galling** on stainless steel, aluminum, and other metal pipe threads and fittings due to its high lubricating properties.
*   **Working on a wide range of metals**, including active metals (like brass, copper) and passive substrates (like stainless steel and plated surfaces).
*   **High temperature environments** and situations where there might be minor surface contaminations from cutting, lubrication, anti-corrosion, or protection oils.
*   **Industrial applications** in various sectors such as chemical processing, petroleum refining, pulp/paper, waste treatment, textile, utilities/power generation, marine, automotive, industrial equipment, and gas compression.","Based on the provided information, LOCTITE 567 suits the following scenario:

LOCTITE 567 falls under the **5XX = Sealants** category. Therefore, it's specifically designed for scenarios requiring the **sealing of surfaces, flanges, and pipe fittings.** More specifically, it excels in the following situations:

*   **Locking and sealing metal tapered threads and fittings:** Prevents loosening and leakage from shock and vibration.
*   **High-temperature environments:** Maintains performance even at elevated temperatures.
*   **Applications where minor surface contamination is present:** Tolerates oils like cutting, lubrication, anti-corrosion, and protection fluids.
*   **Use with both active and passive metals:** Works on materials like brass, copper, stainless steel, and plated surfaces.
*   **Industrial applications:** Suited for industries like chemical processing, petroleum refining, pulp/paper, waste treatment, textile, utilities/power generation, marine, automotive, industrial equipment, and gas compression.
*   **Potable water systems:** Certified for use in commercial and residential potable water systems not exceeding 82°C.
*   **Gas applications:** Approved by the Australian Gas Association and conforms to GASTEC QA Approval requirement for hydrogen.","Loctite 567 is a high-performance **anaerobic pipe thread sealant** specifically designed for sealing metal threaded pipes and fittings. Its unique properties make it suitable for a variety of demanding scenarios, especially where conventional sealants (like PTFE tape or traditional pipe dope) might fall short.

Here are the scenarios where Loctite 567 particularly shines:

1.  **High Temperature Applications:** It's formulated to withstand temperatures up to **480°F (250°C)**, making it ideal for:
    *   Steam lines
    *   Hot oil lines
    *   Industrial heating systems
    *   Engine components (e.g., sensors, pipe plugs in exhaust manifolds)

2.  **Aggressive Chemical Environments:** Loctite 567 offers excellent resistance to a wide range of chemicals, making it suitable for:
    *   Fuel lines (gasoline, diesel)
    *   Hydraulic systems (various hydraulic fluids)
    *   Refrigeration systems (compatible with many refrigerants)
    *   Industrial process piping handling various chemicals
    *   Compressed air/gas lines

3.  **Coarse Threaded Fittings & Large Pipes:** It's designed to seal fittings up to **3 inches NPT (National Pipe Thread)** and works well on coarse threads, which can be challenging for some other sealants. This includes:
    *   Large diameter pipe joints
    *   Hydraulic and pneumatic connections in heavy machinery

4.  **Slow Curing for Assembly Adjustments:** Loctite 567 has a **slow cure time**, which is a significant advantage in situations where:
    *   You need extra time to adjust or re-orient fittings after assembly.
    *   Working on larger, complex pipe assemblies that require precise alignment.

5.  **Preventing Galling on Stainless Steel:** The PTFE (Polytetrafluoroethylene) in its formulation helps prevent galling and seizing, especially when assembling stainless steel fittings, allowing for easier disassembly in the future.

6.  **High Pressure Sealing:** It provides an instant low-pressure seal and, once fully cured, creates a robust, leak-proof seal capable of withstanding very high pressures.

7.  **General Industrial Pipe Sealing:** For any metal-to-metal threaded connections where a durable, long-lasting, and reliable seal is required, especially in manufacturing, power generation, oil & gas, HVAC, and fluid power industries.

**In summary, Loctite 567 is best suited for demanding industrial and commercial applications involving metal threaded pipes and fittings where high temperatures, aggressive chemicals, high pressures, and the need for assembly adjustability are factors.** It's a premium alternative to traditional pipe dope or PTFE tape for ensuring leak-free performance and preventing corrosion within the threads.

**Important Note:** It is generally not recommended for plastic pipes or fittings, as anaerobic sealants require active metal surfaces for proper curing. Always refer to the manufacturer's Technical Data Sheet (TDS) for specific application guidelines and limitations.","Loctite 567 Thread Sealant is best suited for sealing tapered metal threads and fittings. Here's a breakdown of typical scenarios:

*   **High-Temperature Applications:** It's designed to withstand high temperatures, often up to 400°F (200°C).
*   **Metal Pipe Threads:** Specifically formulated for sealing metal pipe threads against gases and liquids.
*   **Tapered Fittings:** Works well with tapered pipe threads to create a tight, leak-proof seal.
*   **Stainless Steel, Aluminum, and Other Metals:** Suitable for use on various metal surfaces, including stainless steel, aluminum, and others.
*   **Instant Sealing:** Provides instant sealing to low pressures.
*   **Chemical Resistance:** Offers good resistance to chemicals and solvents, making it suitable for a range of industrial applications.
*   **Hydraulic and Pneumatic Systems:** Commonly used in hydraulic and pneumatic systems to seal fittings and prevent leaks.

In summary, Loctite 567 is your go-to thread sealant when you need a high-temperature, chemically resistant sealant for metal tapered pipe threads, especially in demanding industrial or automotive applications.","Loctite 567 suits for what scenairo?

For a thread repair, particularly for stainless steel. It is a high-strength thread sealant that prevents the thread from loosening."